{"cameraMode":{"drawMode":0,"name":"Shaded","section":"Shading Mode"},"sceneLighting":false,"audioPlay":false,"sceneViewState":{"m_AlwaysRefresh":false,"showFog":true,"showSkybox":false,"showFlares":true,"showImageEffects":true,"showParticleSystems":true,"showVisualEffectGraphs":true,"m_FxEnabled":true},"in2DMode":false,"pivot":{"x":0.04183989763259888,"y":0.15840014815330506,"z":-0.043582379817962649},"rotation":{"x":-0.033463846892118457,"y":-0.9437454342842102,"z":0.1008942574262619,"w":-0.3131534159183502},"size":0.2861380875110626,"orthographic":false}