{"cameraMode":{"drawMode":0,"name":"Shaded","section":"Shading Mode"},"sceneLighting":false,"audioPlay":false,"sceneViewState":{"m_AlwaysRefresh":false,"showFog":true,"showSkybox":false,"showFlares":true,"showImageEffects":true,"showParticleSystems":true,"showVisualEffectGraphs":true,"m_FxEnabled":true},"in2DMode":false,"pivot":{"x":-2.5519888401031496,"y":-0.13362962007522584,"z":-0.3158550262451172},"rotation":{"x":-0.06076638400554657,"y":0.7615407705307007,"z":-0.07219543308019638,"w":-0.6412886381149292},"size":1.8008264303207398,"orthographic":false}