{"cameraMode":{"drawMode":0,"name":"Shaded","section":"Shading Mode"},"sceneLighting":false,"audioPlay":false,"sceneViewState":{"m_AlwaysRefresh":false,"showFog":true,"showSkybox":false,"showFlares":true,"showImageEffects":true,"showParticleSystems":true,"showVisualEffectGraphs":true,"m_FxEnabled":true},"in2DMode":false,"pivot":{"x":0.11255937814712525,"y":0.31473636627197268,"z":0.1323326677083969},"rotation":{"x":0.03950587660074234,"y":0.9600317478179932,"z":-0.2106526643037796,"w":0.18005748093128205},"size":0.2398505061864853,"orthographic":false}