{"cameraMode":{"drawMode":0,"name":"Shaded","section":"Shading Mode"},"sceneLighting":true,"audioPlay":false,"sceneViewState":{"m_AlwaysRefresh":false,"showFog":true,"showSkybox":true,"showFlares":true,"showImageEffects":true,"showParticleSystems":true,"showVisualEffectGraphs":true,"m_FxEnabled":true},"in2DMode":false,"pivot":{"x":-6.257104396820068,"y":-3.1281096935272219,"z":35.71174621582031},"rotation":{"x":-0.08611990511417389,"y":0.13421399891376496,"z":-0.011678947135806084,"w":-0.9873907566070557},"size":22.23370361328125,"orthographic":false}