{"cameraMode":{"drawMode":0,"name":"Shaded","section":"Shading Mode"},"sceneLighting":false,"audioPlay":false,"sceneViewState":{"m_AlwaysRefresh":false,"showFog":true,"showSkybox":false,"showFlares":true,"showImageEffects":true,"showParticleSystems":true,"showVisualEffectGraphs":true,"m_FxEnabled":true},"in2DMode":false,"pivot":{"x":0.18516942858695985,"y":0.047955822199583057,"z":-1.2646713256835938},"rotation":{"x":0.003682161448523402,"y":0.9886952638626099,"z":-0.14791050553321839,"w":0.024621006101369859},"size":0.8909510970115662,"orthographic":false}