{"cameraMode":{"drawMode":0,"name":"Shaded","section":"Shading Mode"},"sceneLighting":false,"audioPlay":false,"sceneViewState":{"m_AlwaysRefresh":false,"showFog":true,"showSkybox":false,"showFlares":true,"showImageEffects":true,"showParticleSystems":true,"showVisualEffectGraphs":true,"m_FxEnabled":true},"in2DMode":false,"pivot":{"x":-0.4217242896556854,"y":0.5682646632194519,"z":0.04275411367416382},"rotation":{"x":-0.0005009641172364354,"y":0.9988037347793579,"z":-0.04797717183828354,"w":-0.010506849735975266},"size":0.397657185792923,"orthographic":false}